filename,object_location,image_small,image_thumb
10137.png,/objects/10137.png,/objects/small/10137_sm.jpg,/objects/thumbs/10137_th.jpg
10123.png,/objects/10123.png,/objects/small/10123_sm.jpg,/objects/thumbs/10123_th.jpg
10013.jpeg,/objects/10013.jpeg,/objects/small/10013_sm.jpg,/objects/thumbs/10013_th.jpg
10005.jpeg,/objects/10005.jpeg,/objects/small/10005_sm.jpg,/objects/thumbs/10005_th.jpg
10080.png,/objects/10080.png,/objects/small/10080_sm.jpg,/objects/thumbs/10080_th.jpg
10094.png,/objects/10094.png,/objects/small/10094_sm.jpg,/objects/thumbs/10094_th.jpg
10043.png,/objects/10043.png,/objects/small/10043_sm.jpg,/objects/thumbs/10043_th.jpg
10057.png,/objects/10057.png,/objects/small/10057_sm.jpg,/objects/thumbs/10057_th.jpg
10056.png,/objects/10056.png,/objects/small/10056_sm.jpg,/objects/thumbs/10056_th.jpg
10042.png,/objects/10042.png,/objects/small/10042_sm.jpg,/objects/thumbs/10042_th.jpg
10095.png,/objects/10095.png,/objects/small/10095_sm.jpg,/objects/thumbs/10095_th.jpg
10081.png,/objects/10081.png,/objects/small/10081_sm.jpg,/objects/thumbs/10081_th.jpg
10122.png,/objects/10122.png,/objects/small/10122_sm.jpg,/objects/thumbs/10122_th.jpg
10136.png,/objects/10136.png,/objects/small/10136_sm.jpg,/objects/thumbs/10136_th.jpg
10120.png,/objects/10120.png,/objects/small/10120_sm.jpg,/objects/thumbs/10120_th.jpg
10134.png,/objects/10134.png,/objects/small/10134_sm.jpg,/objects/thumbs/10134_th.jpg
10150.tif,/objects/10150.tif,/objects/small/10150_sm.jpg,/objects/thumbs/10150_th.jpg
10108.png,/objects/10108.png,/objects/small/10108_sm.jpg,/objects/thumbs/10108_th.jpg
10097.png,/objects/10097.png,/objects/small/10097_sm.jpg,/objects/thumbs/10097_th.jpg
10083.png,/objects/10083.png,/objects/small/10083_sm.jpg,/objects/thumbs/10083_th.jpg
10054.png,/objects/10054.png,/objects/small/10054_sm.jpg,/objects/thumbs/10054_th.jpg
10068.png,/objects/10068.png,/objects/small/10068_sm.jpg,/objects/thumbs/10068_th.jpg
10069.png,/objects/10069.png,/objects/small/10069_sm.jpg,/objects/thumbs/10069_th.jpg
10041.png,/objects/10041.png,/objects/small/10041_sm.jpg,/objects/thumbs/10041_th.jpg
10055.png,/objects/10055.png,/objects/small/10055_sm.jpg,/objects/thumbs/10055_th.jpg
10082.png,/objects/10082.png,/objects/small/10082_sm.jpg,/objects/thumbs/10082_th.jpg
10096.png,/objects/10096.png,/objects/small/10096_sm.jpg,/objects/thumbs/10096_th.jpg
10109.png,/objects/10109.png,/objects/small/10109_sm.jpg,/objects/thumbs/10109_th.jpg
10135.png,/objects/10135.png,/objects/small/10135_sm.jpg,/objects/thumbs/10135_th.jpg
10121.png,/objects/10121.png,/objects/small/10121_sm.jpg,/objects/thumbs/10121_th.jpg
10119.png,/objects/10119.png,/objects/small/10119_sm.jpg,/objects/thumbs/10119_th.jpg
10125.png,/objects/10125.png,/objects/small/10125_sm.jpg,/objects/thumbs/10125_th.jpg
10131.png,/objects/10131.png,/objects/small/10131_sm.jpg,/objects/thumbs/10131_th.jpg
10092.png,/objects/10092.png,/objects/small/10092_sm.jpg,/objects/thumbs/10092_th.jpg
10086.png,/objects/10086.png,/objects/small/10086_sm.jpg,/objects/thumbs/10086_th.jpg
10079.png,/objects/10079.png,/objects/small/10079_sm.jpg,/objects/thumbs/10079_th.jpg
10051.png,/objects/10051.png,/objects/small/10051_sm.jpg,/objects/thumbs/10051_th.jpg
10045.png,/objects/10045.png,/objects/small/10045_sm.jpg,/objects/thumbs/10045_th.jpg
10044.png,/objects/10044.png,/objects/small/10044_sm.jpg,/objects/thumbs/10044_th.jpg
10050.png,/objects/10050.png,/objects/small/10050_sm.jpg,/objects/thumbs/10050_th.jpg
10078.png,/objects/10078.png,/objects/small/10078_sm.jpg,/objects/thumbs/10078_th.jpg
10087.png,/objects/10087.png,/objects/small/10087_sm.jpg,/objects/thumbs/10087_th.jpg
10093.png,/objects/10093.png,/objects/small/10093_sm.jpg,/objects/thumbs/10093_th.jpg
10130.png,/objects/10130.png,/objects/small/10130_sm.jpg,/objects/thumbs/10130_th.jpg
10124.png,/objects/10124.png,/objects/small/10124_sm.jpg,/objects/thumbs/10124_th.jpg
10118.png,/objects/10118.png,/objects/small/10118_sm.jpg,/objects/thumbs/10118_th.jpg
10132.png,/objects/10132.png,/objects/small/10132_sm.jpg,/objects/thumbs/10132_th.jpg
10126.png,/objects/10126.png,/objects/small/10126_sm.jpg,/objects/thumbs/10126_th.jpg
10085.png,/objects/10085.png,/objects/small/10085_sm.jpg,/objects/thumbs/10085_th.jpg
10091.png,/objects/10091.png,/objects/small/10091_sm.jpg,/objects/thumbs/10091_th.jpg
10046.png,/objects/10046.png,/objects/small/10046_sm.jpg,/objects/thumbs/10046_th.jpg
10052.png,/objects/10052.png,/objects/small/10052_sm.jpg,/objects/thumbs/10052_th.jpg
10053.png,/objects/10053.png,/objects/small/10053_sm.jpg,/objects/thumbs/10053_th.jpg
10047.png,/objects/10047.png,/objects/small/10047_sm.jpg,/objects/thumbs/10047_th.jpg
10090.png,/objects/10090.png,/objects/small/10090_sm.jpg,/objects/thumbs/10090_th.jpg
10084.png,/objects/10084.png,/objects/small/10084_sm.jpg,/objects/thumbs/10084_th.jpg
10012.jpeg,/objects/10012.jpeg,/objects/small/10012_sm.jpg,/objects/thumbs/10012_th.jpg
10127.png,/objects/10127.png,/objects/small/10127_sm.jpg,/objects/thumbs/10127_th.jpg
10133.png,/objects/10133.png,/objects/small/10133_sm.jpg,/objects/thumbs/10133_th.jpg
10197.png,/objects/10197.png,/objects/small/10197_sm.jpg,/objects/thumbs/10197_th.jpg
10183.png,/objects/10183.png,/objects/small/10183_sm.jpg,/objects/thumbs/10183_th.jpg
10154.png,/objects/10154.png,/objects/small/10154_sm.jpg,/objects/thumbs/10154_th.jpg
10140.png,/objects/10140.png,/objects/small/10140_sm.jpg,/objects/thumbs/10140_th.jpg
10168.png,/objects/10168.png,/objects/small/10168_sm.jpg,/objects/thumbs/10168_th.jpg
10008.jpg,/objects/10008.jpg,/objects/small/10008_sm.jpg,/objects/thumbs/10008_th.jpg
10009.png,/objects/10009.png,/objects/small/10009_sm.jpg,/objects/thumbs/10009_th.jpg
10155.jpg,/objects/10155.jpg,/objects/small/10155_sm.jpg,/objects/thumbs/10155_th.jpg
10169.png,/objects/10169.png,/objects/small/10169_sm.jpg,/objects/thumbs/10169_th.jpg
10141.png,/objects/10141.png,/objects/small/10141_sm.jpg,/objects/thumbs/10141_th.jpg
10182.png,/objects/10182.png,/objects/small/10182_sm.jpg,/objects/thumbs/10182_th.jpg
10196.png,/objects/10196.png,/objects/small/10196_sm.jpg,/objects/thumbs/10196_th.jpg
10180.png,/objects/10180.png,/objects/small/10180_sm.jpg,/objects/thumbs/10180_th.jpg
10194.png,/objects/10194.png,/objects/small/10194_sm.jpg,/objects/thumbs/10194_th.jpg
10143.png,/objects/10143.png,/objects/small/10143_sm.jpg,/objects/thumbs/10143_th.jpg
10157.png,/objects/10157.png,/objects/small/10157_sm.jpg,/objects/thumbs/10157_th.jpg
10193.jpeg,/objects/10193.jpeg,/objects/small/10193_sm.jpg,/objects/thumbs/10193_th.jpg
10156.png,/objects/10156.png,/objects/small/10156_sm.jpg,/objects/thumbs/10156_th.jpg
10142.png,/objects/10142.png,/objects/small/10142_sm.jpg,/objects/thumbs/10142_th.jpg
10195.png,/objects/10195.png,/objects/small/10195_sm.jpg,/objects/thumbs/10195_th.jpg
10181.png,/objects/10181.png,/objects/small/10181_sm.jpg,/objects/thumbs/10181_th.jpg
10185.png,/objects/10185.png,/objects/small/10185_sm.jpg,/objects/thumbs/10185_th.jpg
10191.png,/objects/10191.png,/objects/small/10191_sm.jpg,/objects/thumbs/10191_th.jpg
10146.png,/objects/10146.png,/objects/small/10146_sm.jpg,/objects/thumbs/10146_th.jpg
10152.png,/objects/10152.png,/objects/small/10152_sm.jpg,/objects/thumbs/10152_th.jpg
10153.png,/objects/10153.png,/objects/small/10153_sm.jpg,/objects/thumbs/10153_th.jpg
10147.png,/objects/10147.png,/objects/small/10147_sm.jpg,/objects/thumbs/10147_th.jpg
10190.png,/objects/10190.png,/objects/small/10190_sm.jpg,/objects/thumbs/10190_th.jpg
10184.png,/objects/10184.png,/objects/small/10184_sm.jpg,/objects/thumbs/10184_th.jpg
10192.png,/objects/10192.png,/objects/small/10192_sm.jpg,/objects/thumbs/10192_th.jpg
10186.png,/objects/10186.png,/objects/small/10186_sm.jpg,/objects/thumbs/10186_th.jpg
10179.png,/objects/10179.png,/objects/small/10179_sm.jpg,/objects/thumbs/10179_th.jpg
10151.png,/objects/10151.png,/objects/small/10151_sm.jpg,/objects/thumbs/10151_th.jpg
10145.png,/objects/10145.png,/objects/small/10145_sm.jpg,/objects/thumbs/10145_th.jpg
10019.png,/objects/10019.png,/objects/small/10019_sm.jpg,/objects/thumbs/10019_th.jpg
10018.jpeg,/objects/10018.jpeg,/objects/small/10018_sm.jpg,/objects/thumbs/10018_th.jpg
10144.png,/objects/10144.png,/objects/small/10144_sm.jpg,/objects/thumbs/10144_th.jpg
10178.png,/objects/10178.png,/objects/small/10178_sm.jpg,/objects/thumbs/10178_th.jpg
10187.png,/objects/10187.png,/objects/small/10187_sm.jpg,/objects/thumbs/10187_th.jpg
10175.png,/objects/10175.png,/objects/small/10175_sm.jpg,/objects/thumbs/10175_th.jpg
10161.png,/objects/10161.png,/objects/small/10161_sm.jpg,/objects/thumbs/10161_th.jpg
10149.png,/objects/10149.png,/objects/small/10149_sm.jpg,/objects/thumbs/10149_th.jpg
10015.jpg,/objects/10015.jpg,/objects/small/10015_sm.jpg,/objects/thumbs/10015_th.jpg
10203.jpg,/objects/10203.jpg,/objects/small/10203_sm.jpg,/objects/thumbs/10203_th.jpg
10001.png,/objects/10001.png,/objects/small/10001_sm.jpg,/objects/thumbs/10001_th.jpg
10202.png,/objects/10202.png,/objects/small/10202_sm.jpg,/objects/thumbs/10202_th.jpg
10014.jpg,/objects/10014.jpg,/objects/small/10014_sm.jpg,/objects/thumbs/10014_th.jpg
10148.png,/objects/10148.png,/objects/small/10148_sm.jpg,/objects/thumbs/10148_th.jpg
10160.png,/objects/10160.png,/objects/small/10160_sm.jpg,/objects/thumbs/10160_th.jpg
10174.png,/objects/10174.png,/objects/small/10174_sm.jpg,/objects/thumbs/10174_th.jpg
10189.png,/objects/10189.png,/objects/small/10189_sm.jpg,/objects/thumbs/10189_th.jpg
10162.png,/objects/10162.png,/objects/small/10162_sm.jpg,/objects/thumbs/10162_th.jpg
10176.png,/objects/10176.png,/objects/small/10176_sm.jpg,/objects/thumbs/10176_th.jpg
10016.jpg,/objects/10016.jpg,/objects/small/10016_sm.jpg,/objects/thumbs/10016_th.jpg
10200.png,/objects/10200.png,/objects/small/10200_sm.jpg,/objects/thumbs/10200_th.jpg
10201.jpg,/objects/10201.jpg,/objects/small/10201_sm.jpg,/objects/thumbs/10201_th.jpg
10003.jpg,/objects/10003.jpg,/objects/small/10003_sm.jpg,/objects/thumbs/10003_th.jpg
10017.JPEG,/objects/10017.JPEG,/objects/small/10017_sm.jpg,/objects/thumbs/10017_th.jpg
10177.png,/objects/10177.png,/objects/small/10177_sm.jpg,/objects/thumbs/10177_th.jpg
10163.png,/objects/10163.png,/objects/small/10163_sm.jpg,/objects/thumbs/10163_th.jpg
10188.png,/objects/10188.png,/objects/small/10188_sm.jpg,/objects/thumbs/10188_th.jpg
10198.png,/objects/10198.png,/objects/small/10198_sm.jpg,/objects/thumbs/10198_th.jpg
10167.png,/objects/10167.png,/objects/small/10167_sm.jpg,/objects/thumbs/10167_th.jpg
10173.png,/objects/10173.png,/objects/small/10173_sm.jpg,/objects/thumbs/10173_th.jpg
10007.jpg,/objects/10007.jpg,/objects/small/10007_sm.jpg,/objects/thumbs/10007_th.jpg
10172.png,/objects/10172.png,/objects/small/10172_sm.jpg,/objects/thumbs/10172_th.jpg
10166.png,/objects/10166.png,/objects/small/10166_sm.jpg,/objects/thumbs/10166_th.jpg
10199.png,/objects/10199.png,/objects/small/10199_sm.jpg,/objects/thumbs/10199_th.jpg
10158.png,/objects/10158.png,/objects/small/10158_sm.jpg,/objects/thumbs/10158_th.jpg
10170.png,/objects/10170.png,/objects/small/10170_sm.jpg,/objects/thumbs/10170_th.jpg
10164.png,/objects/10164.png,/objects/small/10164_sm.jpg,/objects/thumbs/10164_th.jpg
10010.jpg,/objects/10010.jpg,/objects/small/10010_sm.jpg,/objects/thumbs/10010_th.jpg
10004.jpg,/objects/10004.jpg,/objects/small/10004_sm.jpg,/objects/thumbs/10004_th.jpg
10155-00.png,/objects/10155-00.png,/objects/small/10155-00_sm.jpg,/objects/thumbs/10155-00_th.jpg
10155-01.jpg,/objects/10155-01.jpg,/objects/small/10155-01_sm.jpg,/objects/thumbs/10155-01_th.jpg
10171.jpg,/objects/10171.jpg,/objects/small/10171_sm.jpg,/objects/thumbs/10171_th.jpg
10165.png,/objects/10165.png,/objects/small/10165_sm.jpg,/objects/thumbs/10165_th.jpg
10159.png,/objects/10159.png,/objects/small/10159_sm.jpg,/objects/thumbs/10159_th.jpg
10116.png,/objects/10116.png,/objects/small/10116_sm.jpg,/objects/thumbs/10116_th.jpg
10102.png,/objects/10102.png,/objects/small/10102_sm.jpg,/objects/thumbs/10102_th.jpg
10089.png,/objects/10089.png,/objects/small/10089_sm.jpg,/objects/thumbs/10089_th.jpg
10062.png,/objects/10062.png,/objects/small/10062_sm.jpg,/objects/thumbs/10062_th.jpg
10076.png,/objects/10076.png,/objects/small/10076_sm.jpg,/objects/thumbs/10076_th.jpg
10077.png,/objects/10077.png,/objects/small/10077_sm.jpg,/objects/thumbs/10077_th.jpg
10063.png,/objects/10063.png,/objects/small/10063_sm.jpg,/objects/thumbs/10063_th.jpg
10088.png,/objects/10088.png,/objects/small/10088_sm.jpg,/objects/thumbs/10088_th.jpg
10011.jpeg,/objects/10011.jpeg,/objects/small/10011_sm.jpg,/objects/thumbs/10011_th.jpg
10103.png,/objects/10103.png,/objects/small/10103_sm.jpg,/objects/thumbs/10103_th.jpg
10117.png,/objects/10117.png,/objects/small/10117_sm.jpg,/objects/thumbs/10117_th.jpg
10101.png,/objects/10101.png,/objects/small/10101_sm.jpg,/objects/thumbs/10101_th.jpg
10115.png,/objects/10115.png,/objects/small/10115_sm.jpg,/objects/thumbs/10115_th.jpg
10129.png,/objects/10129.png,/objects/small/10129_sm.jpg,/objects/thumbs/10129_th.jpg
10075.png,/objects/10075.png,/objects/small/10075_sm.jpg,/objects/thumbs/10075_th.jpg
10061.png,/objects/10061.png,/objects/small/10061_sm.jpg,/objects/thumbs/10061_th.jpg
10049.png,/objects/10049.png,/objects/small/10049_sm.jpg,/objects/thumbs/10049_th.jpg
10048.png,/objects/10048.png,/objects/small/10048_sm.jpg,/objects/thumbs/10048_th.jpg
10060.png,/objects/10060.png,/objects/small/10060_sm.jpg,/objects/thumbs/10060_th.jpg
10074.png,/objects/10074.png,/objects/small/10074_sm.jpg,/objects/thumbs/10074_th.jpg
10128.png,/objects/10128.png,/objects/small/10128_sm.jpg,/objects/thumbs/10128_th.jpg
10114.png,/objects/10114.png,/objects/small/10114_sm.jpg,/objects/thumbs/10114_th.jpg
10100.png,/objects/10100.png,/objects/small/10100_sm.jpg,/objects/thumbs/10100_th.jpg
10138.png,/objects/10138.png,/objects/small/10138_sm.jpg,/objects/thumbs/10138_th.jpg
10104.png,/objects/10104.png,/objects/small/10104_sm.jpg,/objects/thumbs/10104_th.jpg
10110.png,/objects/10110.png,/objects/small/10110_sm.jpg,/objects/thumbs/10110_th.jpg
10058.png,/objects/10058.png,/objects/small/10058_sm.jpg,/objects/thumbs/10058_th.jpg
10070.png,/objects/10070.png,/objects/small/10070_sm.jpg,/objects/thumbs/10070_th.jpg
10064.png,/objects/10064.png,/objects/small/10064_sm.jpg,/objects/thumbs/10064_th.jpg
10065.png,/objects/10065.png,/objects/small/10065_sm.jpg,/objects/thumbs/10065_th.jpg
10071.png,/objects/10071.png,/objects/small/10071_sm.jpg,/objects/thumbs/10071_th.jpg
10059.png,/objects/10059.png,/objects/small/10059_sm.jpg,/objects/thumbs/10059_th.jpg
10111.png,/objects/10111.png,/objects/small/10111_sm.jpg,/objects/thumbs/10111_th.jpg
10105.png,/objects/10105.png,/objects/small/10105_sm.jpg,/objects/thumbs/10105_th.jpg
10139.png,/objects/10139.png,/objects/small/10139_sm.jpg,/objects/thumbs/10139_th.jpg
10113.png,/objects/10113.png,/objects/small/10113_sm.jpg,/objects/thumbs/10113_th.jpg
10107.png,/objects/10107.png,/objects/small/10107_sm.jpg,/objects/thumbs/10107_th.jpg
10006.jpeg,/objects/10006.jpeg,/objects/small/10006_sm.jpg,/objects/thumbs/10006_th.jpg
10098.png,/objects/10098.png,/objects/small/10098_sm.jpg,/objects/thumbs/10098_th.jpg
10067.png,/objects/10067.png,/objects/small/10067_sm.jpg,/objects/thumbs/10067_th.jpg
10073.png,/objects/10073.png,/objects/small/10073_sm.jpg,/objects/thumbs/10073_th.jpg
10072.png,/objects/10072.png,/objects/small/10072_sm.jpg,/objects/thumbs/10072_th.jpg
10066.png,/objects/10066.png,/objects/small/10066_sm.jpg,/objects/thumbs/10066_th.jpg
10099.png,/objects/10099.png,/objects/small/10099_sm.jpg,/objects/thumbs/10099_th.jpg
10106.png,/objects/10106.png,/objects/small/10106_sm.jpg,/objects/thumbs/10106_th.jpg
10112.png,/objects/10112.png,/objects/small/10112_sm.jpg,/objects/thumbs/10112_th.jpg
